text,emotion
"I'm so happy to see my friends after such a long time!",joy
"Today was the most amazing day of my life!",joy
"I can't stop laughing at this hilarious joke!",joy
"I'm feeling so blessed and grateful right now.",joy
"This is the best birthday gift I've ever received!",joy
"My heart is full of love for my family.",love
"Spending time with my partner makes me feel so loved.",love
"I just want to hug everyone around me!",love
"The kindness of strangers makes me hopeful.",love
"I'm so touched by your thoughtful gesture.",love
"I'm absolutely furious about how unfairly I was treated.",anger
"I can't believe they lied to me like that!",anger
"This situation is so frustrating and annoying.",anger
"How could they do something so irresponsible?",anger
"I'm filled with rage at how unjust this is.",anger
"I'm terrified of what might happen next.",fear
"I feel so scared about the upcoming presentation.",fear
"The thought of losing you makes me so anxious.",fear
"I'm worried about the future and what it holds.",fear
"This is so overwhelming, I feel like I can't handle it.",fear
"I just feel so sad and empty inside.",sadness
"Today has been such a depressing day.",sadness
"I can't stop crying over what happened.",sadness
"I feel heartbroken and alone.",sadness
"Everything feels so hopeless right now.",sadness
"I'm so surprised by how good this turned out!",surprise
"I wasn't expecting such a wonderful gift!",surprise
"This plot twist completely caught me off guard.",surprise
"I can't believe how amazing this news is!",surprise
"Wow, I never saw that coming!",surprise
"I feel so calm and relaxed sitting by the beach.",calm
"Everything feels so peaceful and serene right now.",calm
"I'm enjoying this quiet and tranquil moment.",calm
"The sound of the waves makes me feel so at ease.",calm
"This is exactly what I needed to unwind and recharge.",calm
"I feel so proud of everything I've accomplished.",pride
"This is a moment I'll cherish forever.",pride
"I'm so proud of my team's hard work and dedication.",pride
"This achievement is the result of all my efforts.",pride
"I can't wait to share this success with my loved ones.",pride
"I feel so embarrassed about what I said earlier.",embarrassment
"I can't believe I made such a silly mistake.",embarrassment
"This is so awkward, I wish the ground would swallow me whole.",embarrassment
"I'm blushing so hard right now, this is so embarrassing.",embarrassment
"Why did I have to say something so foolish?",embarrassment
"This is so exciting, I can't wait for the big day!",anticipation
"I'm eagerly looking forward to the next chapter.",anticipation
"The suspense is killing me, I can't wait to find out!",anticipation
"I feel so enthusiastic about this new opportunity.",anticipation
"I can hardly contain my excitement for tomorrow!",anticipation
"I'm so envious of everything they have.",envy
"Why does everyone else get to live such perfect lives?",envy
"I can't stop comparing myself to their success.",envy
"I wish I had what they have, it seems so unfair.",envy
"This jealousy is eating away at me.",envy
"I'm so thankful for all the blessings in my life.",gratitude
"Thank you for always being there for me.",gratitude
"I'm deeply grateful for your support and kindness.",gratitude
"I can't express how much I appreciate everything you've done.",gratitude
"I'm overwhelmed with gratitude for this opportunity.",gratitude
"I feel bored and uninterested in everything today.",boredom
"Nothing seems exciting or fun right now.",boredom
"This day is dragging on, and I feel so restless.",boredom
"I can't focus on anything, everything feels so dull.",boredom
"I'm just counting the hours until this is over.",boredom
"I feel so inspired to start working on my dreams.",inspiration
"This speech has motivated me to take action.",inspiration
"I'm filled with creative ideas and a sense of purpose.",inspiration
"I feel encouraged to chase after my goals.",inspiration
"This story has truly inspired me to do more.",inspiration
"I'm so disgusted by the mess in this room.",disgust
"I can't stand the smell of this, it's revolting.",disgust
"This behavior is absolutely appalling and unacceptable.",disgust
"I'm repulsed by what I just witnessed.",disgust
"I feel so grossed out by the thought of it.",disgust
"I feel so content and satisfied with how things are.",contentment
"Everything feels just right at the moment.",contentment
"This is the perfect balance of happiness and peace.",contentment
"I couldn't ask for anything more, I'm so content.",contentment
"This is exactly how I envisioned things would turn out.",contentment